brand,model,price,quantity
HP,"Ryzen 7, 8GB, 1TB SSD, RTX 3050",1771.69,413
HP,"i9, 16GB, 512GB SSD, Intel Iris Xe",628.57,560
HP,"i7, 32GB, 512GB SSD, RTX 4060",1407.44,499
Asus,"i5, 8GB, 1TB SSD, RTX 3060",2058.11,447
HP,"i5, 32GB, 2TB SSD, Intel Iris Xe",602.59,679
HP,"i7, 32GB, 256GB SSD, RTX 4050",697.86,648
HP,"i9, 8GB, 2TB SSD, Intel Iris Xe",756.29,446
Lenovo,"i9, 32GB, 1TB SSD, RTX 4060",1792.38,639
Lenovo,"Ryzen 5, 32GB, 256GB SSD, Intel Iris Xe",612.24,497
Lenovo,"i3, 8GB, 1TB SSD, RTX 4060",1368.8,479
MacBook,"i5, 8GB, 2TB SSD, Intel Iris Xe",1339.45,395
MacBook,"i9, 8GB, 1TB SSD, RTX 4060",2767.59,387
HP,"i3, 8GB, 512GB SSD, RTX 3070",1043.78,346
Acer,"Ryzen 3, 16GB, 1TB SSD, RTX 4050",1336.09,371
Asus,"Ryzen 5, 16GB, 1TB SSD, RTX 3060",1210.9,266
HP,"Ryzen 7, 32GB, 512GB SSD, RTX 3050",1072.82,617
MacBook,"Ryzen 7, 8GB, 256GB SSD, Intel Iris Xe",2087.59,352
Acer,"i7, 16GB, 256GB SSD, RTX 4050",1240.73,231
Asus,"i7, 32GB, 2TB SSD, RTX 3060",1517.94,614
Acer,"Ryzen 3, 16GB, 1TB SSD, RTX 3070",1152.86,544
Acer,"Ryzen 5, 16GB, 1TB SSD, RTX 4050",737.61,426
Acer,"Ryzen 5, 8GB, 1TB SSD, RTX 3050",1355.91,238
MacBook,"i9, 32GB, 1TB SSD, RTX 4050",1832.47,608
Asus,"Ryzen 7, 32GB, 512GB SSD, Intel Iris Xe",1699.33,505
HP,"i5, 16GB, 256GB SSD, RTX 3070",1111.35,331
Acer,"Ryzen 3, 32GB, 512GB SSD, Intel Iris Xe",1368.77,525
Acer,"Ryzen 5, 32GB, 2TB SSD, RTX 3070",1295.18,465
Asus,"i3, 16GB, 256GB SSD, RTX 3070",802.38,263
Acer,"Ryzen 3, 32GB, 512GB SSD, RTX 3070",731.14,658
Acer,"Ryzen 5, 16GB, 512GB SSD, RTX 3070",694.95,522
Asus,"i9, 16GB, 256GB SSD, RTX 3050",1793.6,442
HP,"Ryzen 7, 16GB, 2TB SSD, RTX 3050",938.92,615
Acer,"Ryzen 5, 8GB, 256GB SSD, Intel Iris Xe",1291.61,467
MacBook,"i5, 16GB, 2TB SSD, RTX 3050",1489.23,688
Acer,"Ryzen 7, 16GB, 2TB SSD, RTX 3050",1122.57,650
MacBook,"i3, 32GB, 2TB SSD, RTX 4050",2617.94,512
MacBook,"Ryzen 5, 32GB, 512GB SSD, RTX 3070",2327.28,430
HP,"i9, 8GB, 512GB SSD, Intel Iris Xe",1510.76,475
HP,"i3, 16GB, 512GB SSD, Intel Iris Xe",878.88,215
MacBook,"Ryzen 5, 8GB, 2TB SSD, Intel Iris Xe",2439.64,596
Acer,"i7, 8GB, 512GB SSD, RTX 3070",804.07,683
Asus,"i5, 32GB, 512GB SSD, RTX 4060",713.43,378
Asus,"Ryzen 3, 32GB, 512GB SSD, RTX 3050",1048.7,579
Acer,"i7, 16GB, 256GB SSD, RTX 4060",564.21,268
HP,"i5, 32GB, 256GB SSD, RTX 3050",1406.68,305
HP,"Ryzen 7, 8GB, 256GB SSD, Intel Iris Xe",1265.45,552
Asus,"Ryzen 3, 16GB, 256GB SSD, RTX 3070",2194.41,375
Asus,"i9, 32GB, 512GB SSD, RTX 3060",909.41,301
MacBook,"Ryzen 7, 32GB, 2TB SSD, RTX 4060",1312.95,482
MacBook,"i7, 32GB, 256GB SSD, RTX 4050",1773.52,671
Lenovo,"Ryzen 7, 32GB, 1TB SSD, RTX 3070",1138.35,501
Lenovo,"Ryzen 5, 8GB, 256GB SSD, RTX 4060",726.12,634
Lenovo,"i7, 16GB, 256GB SSD, RTX 4050",1438.94,640
Lenovo,"i7, 16GB, 256GB SSD, RTX 3070",1687.03,381
HP,"i7, 8GB, 256GB SSD, Intel Iris Xe",1395.27,358
HP,"Ryzen 3, 16GB, 1TB SSD, RTX 3050",1118.73,240
Lenovo,"Ryzen 3, 16GB, 512GB SSD, RTX 3060",1441.72,420
Acer,"i5, 16GB, 2TB SSD, RTX 4050",1300.07,381
MacBook,"i3, 8GB, 256GB SSD, RTX 3070",2978.73,406
Asus,"i7, 32GB, 2TB SSD, RTX 4050",919.68,218
Acer,"i5, 32GB, 512GB SSD, RTX 3050",604.81,627
Asus,"Ryzen 7, 32GB, 512GB SSD, RTX 3070",1307.02,631
Asus,"Ryzen 3, 16GB, 512GB SSD, RTX 3050",1894.89,422
Acer,"i5, 8GB, 512GB SSD, RTX 3050",775.47,654
HP,"i9, 8GB, 1TB SSD, RTX 3050",682.43,527
Asus,"i5, 32GB, 512GB SSD, RTX 3050",767.7,214
Acer,"i9, 8GB, 512GB SSD, RTX 3060",1145.53,273
Asus,"i9, 8GB, 512GB SSD, RTX 3070",1078.06,507
HP,"Ryzen 7, 32GB, 512GB SSD, RTX 3060",1225.4,687
Lenovo,"Ryzen 3, 8GB, 2TB SSD, RTX 3070",855.47,480
Lenovo,"Ryzen 7, 32GB, 512GB SSD, RTX 4060",1753.67,558
MacBook,"i5, 8GB, 512GB SSD, RTX 3070",2220.56,623
Lenovo,"i7, 16GB, 512GB SSD, RTX 4050",1529.18,254
HP,"Ryzen 7, 8GB, 2TB SSD, RTX 3050",1329.88,539
Lenovo,"i7, 32GB, 1TB SSD, RTX 3070",754.56,698
HP,"Ryzen 5, 16GB, 256GB SSD, Intel Iris Xe",1538.24,608
HP,"i9, 8GB, 1TB SSD, RTX 4060",1653.7,547
Lenovo,"Ryzen 3, 16GB, 2TB SSD, RTX 3060",1766.83,499
Acer,"i9, 16GB, 256GB SSD, RTX 3060",1387.31,334
HP,"i5, 32GB, 256GB SSD, RTX 3070",1258.91,595
MacBook,"Ryzen 5, 32GB, 256GB SSD, RTX 3060",1663.06,559
MacBook,"i9, 8GB, 2TB SSD, RTX 3060",2606.95,675
HP,"i3, 16GB, 1TB SSD, RTX 3050",1453.41,334
Acer,"Ryzen 7, 16GB, 2TB SSD, RTX 4060",1098.08,302
HP,"Ryzen 5, 32GB, 1TB SSD, RTX 3060",869.36,541
MacBook,"i5, 16GB, 256GB SSD, RTX 3060",1357.02,405
Lenovo,"i5, 8GB, 2TB SSD, Intel Iris Xe",1798.47,428
HP,"i7, 8GB, 1TB SSD, RTX 3050",1079.03,247
HP,"Ryzen 7, 8GB, 256GB SSD, RTX 3070",1725.93,257
Lenovo,"i7, 32GB, 1TB SSD, Intel Iris Xe",1860.66,226
Asus,"i9, 16GB, 512GB SSD, Intel Iris Xe",849.48,543
HP,"i7, 16GB, 2TB SSD, RTX 3060",746.44,297
Lenovo,"Ryzen 5, 16GB, 1TB SSD, RTX 3050",946.03,566
Acer,"i9, 16GB, 256GB SSD, Intel Iris Xe",1237.98,217
HP,"Ryzen 7, 32GB, 1TB SSD, RTX 3050",1363.29,203
HP,"Ryzen 7, 8GB, 2TB SSD, RTX 3060",1519.51,593
Acer,"Ryzen 5, 16GB, 2TB SSD, RTX 3050",1464.1,259
Lenovo,"i7, 16GB, 512GB SSD, Intel Iris Xe",1453.42,215
Acer,"Ryzen 5, 8GB, 2TB SSD, RTX 3050",1390.5,479
HP,"Ryzen 7, 8GB, 2TB SSD, Intel Iris Xe",898.65,331
MacBook,"i5, 32GB, 512GB SSD, RTX 4060",2195.5,358
HP,"i5, 8GB, 256GB SSD, RTX 4050",1723.44,555
MacBook,"Ryzen 5, 32GB, 512GB SSD, RTX 4060",2220.34,641
MacBook,"i7, 8GB, 256GB SSD, RTX 3070",1545.39,537
Lenovo,"Ryzen 7, 8GB, 2TB SSD, RTX 4050",1063.82,350
Asus,"Ryzen 3, 8GB, 2TB SSD, RTX 4060",2172.7,591
Asus,"Ryzen 7, 16GB, 1TB SSD, RTX 3060",1544.56,617
Asus,"i5, 16GB, 512GB SSD, RTX 4050",1390.09,360
Acer,"i3, 16GB, 256GB SSD, RTX 3070",931.68,575
Lenovo,"i9, 8GB, 2TB SSD, RTX 3050",671.51,378
Lenovo,"i3, 32GB, 512GB SSD, RTX 4060",1871.36,258
Lenovo,"Ryzen 7, 16GB, 512GB SSD, RTX 4050",1750.26,264
Lenovo,"Ryzen 3, 32GB, 1TB SSD, RTX 3060",1143.68,636
Acer,"i7, 32GB, 256GB SSD, RTX 3070",501.06,541
Asus,"Ryzen 5, 32GB, 2TB SSD, RTX 4060",707.38,594
Acer,"i9, 8GB, 512GB SSD, RTX 3050",1278.85,577
Asus,"i3, 16GB, 256GB SSD, Intel Iris Xe",1033.69,317
Asus,"Ryzen 5, 16GB, 2TB SSD, RTX 3060",1700.06,478
HP,"i7, 32GB, 1TB SSD, RTX 3060",1010.54,370
Asus,"Ryzen 5, 8GB, 1TB SSD, RTX 3060",1777.04,312
HP,"i3, 32GB, 512GB SSD, Intel Iris Xe",1598.39,305
Asus,"Ryzen 3, 32GB, 256GB SSD, RTX 3070",1896.42,434
Asus,"Ryzen 3, 32GB, 256GB SSD, RTX 3050",1394.86,648
MacBook,"Ryzen 7, 8GB, 512GB SSD, RTX 4050",2676.48,546
Acer,"i5, 8GB, 2TB SSD, RTX 4060",725.57,570
Lenovo,"Ryzen 3, 16GB, 2TB SSD, RTX 4060",769.33,439
HP,"Ryzen 3, 32GB, 2TB SSD, RTX 3070",1121.17,408
Asus,"i9, 16GB, 512GB SSD, RTX 3050",1838.56,316
Acer,"i7, 32GB, 1TB SSD, RTX 3050",1338.04,213
HP,"Ryzen 5, 16GB, 256GB SSD, RTX 4060",1507.4,547
Lenovo,"Ryzen 7, 16GB, 2TB SSD, RTX 3050",1397.98,254
HP,"Ryzen 5, 32GB, 2TB SSD, RTX 4060",691.18,620
HP,"Ryzen 5, 16GB, 512GB SSD, RTX 3060",1498.65,677
MacBook,"Ryzen 3, 16GB, 1TB SSD, RTX 3060",2772.05,658
Acer,"i3, 8GB, 1TB SSD, Intel Iris Xe",767.08,567
Lenovo,"Ryzen 3, 32GB, 256GB SSD, RTX 3060",1659.51,577
HP,"Ryzen 7, 16GB, 2TB SSD, Intel Iris Xe",1070.99,502
HP,"Ryzen 7, 32GB, 512GB SSD, RTX 4060",1015.53,433
Acer,"i3, 8GB, 2TB SSD, RTX 4060",1280.46,645
MacBook,"i5, 32GB, 2TB SSD, RTX 3060",2886.64,436
MacBook,"i3, 32GB, 256GB SSD, RTX 4050",1334.25,456
Acer,"Ryzen 3, 8GB, 512GB SSD, RTX 3070",1360.54,420
MacBook,"Ryzen 3, 32GB, 512GB SSD, RTX 3060",2634.38,680
Acer,"i5, 32GB, 256GB SSD, RTX 3070",1275.49,388
MacBook,"Ryzen 5, 32GB, 512GB SSD, RTX 3050",1576.85,369
Lenovo,"i9, 16GB, 2TB SSD, RTX 3070",766.88,368
Acer,"i7, 16GB, 512GB SSD, RTX 4050",581.35,450
Acer,"Ryzen 7, 8GB, 1TB SSD, RTX 4050",838.51,602
Asus,"i7, 32GB, 256GB SSD, RTX 3050",1389.51,480
Acer,"Ryzen 3, 16GB, 2TB SSD, RTX 3070",1021.14,248
MacBook,"Ryzen 5, 8GB, 1TB SSD, RTX 3070",1759.17,663
Lenovo,"Ryzen 7, 16GB, 1TB SSD, RTX 4050",1653.7,460
Lenovo,"Ryzen 5, 16GB, 256GB SSD, RTX 4060",1726.98,350
Asus,"i3, 8GB, 2TB SSD, RTX 4060",1895.98,280
HP,"i3, 16GB, 1TB SSD, Intel Iris Xe",1793.71,475
Asus,"i5, 8GB, 512GB SSD, Intel Iris Xe",1361.71,606
HP,"i3, 16GB, 2TB SSD, Intel Iris Xe",1011.28,475
Lenovo,"Ryzen 7, 8GB, 1TB SSD, RTX 4050",1573.91,231
Lenovo,"i3, 8GB, 1TB SSD, RTX 3050",1553.26,417
HP,"i7, 16GB, 512GB SSD, RTX 3060",1639.3,218
HP,"i3, 16GB, 256GB SSD, RTX 4060",923.82,525
HP,"Ryzen 5, 32GB, 1TB SSD, RTX 4050",1251.77,385
Asus,"i3, 8GB, 512GB SSD, RTX 3060",1809.61,236
Lenovo,"i9, 32GB, 1TB SSD, RTX 3060",1756.2,402
MacBook,"i5, 16GB, 512GB SSD, RTX 3050",1530.05,688
Acer,"i5, 8GB, 256GB SSD, RTX 3060",1432.44,442
Lenovo,"Ryzen 5, 32GB, 1TB SSD, Intel Iris Xe",1864.1,595
Acer,"i9, 32GB, 512GB SSD, Intel Iris Xe",1056.94,316
MacBook,"i9, 8GB, 256GB SSD, RTX 4050",2307.15,253
HP,"i9, 8GB, 512GB SSD, RTX 3050",1000.55,458
Acer,"i7, 8GB, 2TB SSD, RTX 3060",1318.4,675
HP,"i7, 8GB, 512GB SSD, Intel Iris Xe",1345.64,217
Lenovo,"i5, 16GB, 512GB SSD, RTX 3060",1451.25,605
Lenovo,"i3, 16GB, 2TB SSD, RTX 3050",642.0,264
HP,"i7, 32GB, 1TB SSD, RTX 4060",1124.46,503
Asus,"Ryzen 7, 16GB, 256GB SSD, RTX 3060",1663.33,423
Acer,"Ryzen 3, 16GB, 1TB SSD, RTX 3050",555.61,222
Asus,"i7, 32GB, 1TB SSD, RTX 4050",1892.38,579
HP,"i9, 32GB, 512GB SSD, RTX 4060",1709.31,400
MacBook,"i5, 16GB, 512GB SSD, RTX 3070",2927.26,643
HP,"i9, 16GB, 512GB SSD, RTX 3070",1455.12,476
Acer,"Ryzen 5, 32GB, 2TB SSD, RTX 3060",705.89,335
Asus,"i7, 32GB, 512GB SSD, RTX 3050",1001.85,285
Acer,"Ryzen 7, 16GB, 512GB SSD, RTX 3070",1271.46,689
HP,"Ryzen 5, 32GB, 1TB SSD, RTX 3070",1660.01,622
HP,"i7, 32GB, 256GB SSD, Intel Iris Xe",792.52,324
Acer,"Ryzen 7, 8GB, 512GB SSD, RTX 4060",1366.75,226
Asus,"Ryzen 7, 32GB, 2TB SSD, RTX 4060",1319.71,521
Asus,"Ryzen 5, 8GB, 512GB SSD, RTX 3050",1952.22,209
Acer,"Ryzen 3, 32GB, 2TB SSD, RTX 3070",617.36,603
Acer,"Ryzen 3, 32GB, 2TB SSD, RTX 3050",1275.03,318
Asus,"i5, 16GB, 2TB SSD, RTX 4050",682.81,698
Acer,"Ryzen 7, 8GB, 256GB SSD, RTX 3060",1411.73,259
MacBook,"i7, 16GB, 1TB SSD, RTX 3070",1235.52,402
Asus,"Ryzen 3, 16GB, 1TB SSD, RTX 3070",1049.83,437
Acer,"Ryzen 3, 32GB, 256GB SSD, RTX 3050",858.94,602
HP,"Ryzen 7, 32GB, 1TB SSD, RTX 4060",600.81,461
HP,"Ryzen 3, 8GB, 2TB SSD, RTX 3050",1229.61,577
Lenovo,"i5, 8GB, 2TB SSD, RTX 3060",1351.57,432
Acer,"Ryzen 3, 32GB, 512GB SSD, RTX 3060",1103.6,241
Asus,"i3, 8GB, 512GB SSD, Intel Iris Xe",1292.28,300
Acer,"i7, 32GB, 256GB SSD, RTX 4060",589.78,550
Asus,"Ryzen 5, 32GB, 1TB SSD, RTX 3050",1329.69,623
MacBook,"i3, 16GB, 256GB SSD, RTX 4060",2977.85,292
MacBook,"i5, 8GB, 512GB SSD, RTX 3050",1643.38,391
Acer,"i7, 16GB, 2TB SSD, RTX 4050",1212.84,647
Asus,"i7, 8GB, 2TB SSD, RTX 4060",665.4,485
Asus,"i9, 16GB, 256GB SSD, RTX 3060",902.52,491
Lenovo,"Ryzen 5, 8GB, 256GB SSD, RTX 3060",563.62,584
Acer,"i3, 32GB, 1TB SSD, RTX 4060",1372.5,570
Acer,"i9, 32GB, 2TB SSD, RTX 4050",875.19,430
HP,"i9, 8GB, 1TB SSD, Intel Iris Xe",1299.08,424
HP,"Ryzen 5, 8GB, 2TB SSD, RTX 3050",1694.42,503
HP,"i5, 32GB, 512GB SSD, RTX 3050",784.29,371
Lenovo,"Ryzen 7, 8GB, 512GB SSD, RTX 4060",649.67,471
Lenovo,"i3, 32GB, 512GB SSD, RTX 3070",1046.81,495
Asus,"i9, 8GB, 2TB SSD, RTX 4060",1209.07,416
Acer,"Ryzen 3, 16GB, 2TB SSD, RTX 3060",993.89,674
Lenovo,"Ryzen 7, 32GB, 512GB SSD, RTX 3050",699.98,306
HP,"i3, 32GB, 1TB SSD, Intel Iris Xe",1735.82,646
Acer,"i7, 32GB, 512GB SSD, Intel Iris Xe",627.41,452
MacBook,"Ryzen 3, 16GB, 256GB SSD, RTX 4060",2623.7,593
Acer,"i7, 16GB, 2TB SSD, RTX 3060",977.26,250
Lenovo,"i5, 32GB, 1TB SSD, RTX 3070",870.96,557
Lenovo,"i5, 16GB, 512GB SSD, RTX 3050",1131.95,308
Acer,"Ryzen 5, 32GB, 1TB SSD, RTX 3060",539.4,376
Acer,"i9, 8GB, 256GB SSD, RTX 3050",1152.17,534
Lenovo,"i7, 16GB, 2TB SSD, Intel Iris Xe",1048.52,238
Asus,"Ryzen 5, 8GB, 2TB SSD, RTX 3070",1764.89,227
HP,"i5, 32GB, 512GB SSD, RTX 4060",1048.18,460
HP,"Ryzen 3, 32GB, 2TB SSD, RTX 4050",1653.98,689
MacBook,"i5, 32GB, 256GB SSD, RTX 3050",1868.33,587
HP,"i3, 8GB, 512GB SSD, RTX 4050",1634.82,522
HP,"i7, 32GB, 1TB SSD, Intel Iris Xe",1597.77,320
HP,"Ryzen 7, 8GB, 256GB SSD, RTX 4050",1100.85,223
Asus,"i5, 8GB, 1TB SSD, RTX 4060",1547.96,480
Lenovo,"i3, 32GB, 2TB SSD, RTX 4050",1158.5,640
MacBook,"i3, 16GB, 1TB SSD, RTX 3050",1309.2,534
Lenovo,"i5, 16GB, 256GB SSD, RTX 3050",1370.78,396
Lenovo,"Ryzen 3, 8GB, 1TB SSD, Intel Iris Xe",1359.16,231
Lenovo,"i5, 32GB, 1TB SSD, RTX 3050",826.86,241
Acer,"i9, 32GB, 2TB SSD, Intel Iris Xe",1234.78,383
Lenovo,"i3, 8GB, 1TB SSD, Intel Iris Xe",786.24,331
HP,"i9, 32GB, 512GB SSD, Intel Iris Xe",1069.17,563
Acer,"i3, 16GB, 2TB SSD, RTX 4060",1065.59,368
MacBook,"Ryzen 7, 8GB, 256GB SSD, RTX 3060",2728.28,576
HP,"Ryzen 7, 8GB, 2TB SSD, RTX 4060",1657.94,357
Lenovo,"i9, 32GB, 1TB SSD, RTX 4050",1848.42,423
MacBook,"i3, 32GB, 512GB SSD, Intel Iris Xe",1317.67,508
Acer,"i5, 16GB, 512GB SSD, RTX 4060",716.65,417
HP,"i3, 32GB, 2TB SSD, RTX 3050",797.06,315
Asus,"i9, 32GB, 2TB SSD, RTX 4060",1676.84,667
MacBook,"i3, 32GB, 1TB SSD, RTX 4060",2520.0,519
Asus,"i9, 16GB, 1TB SSD, RTX 3070",2113.42,585
Asus,"i3, 8GB, 256GB SSD, Intel Iris Xe",1094.76,552
Lenovo,"i3, 16GB, 512GB SSD, RTX 3070",1366.23,392
Asus,"i7, 32GB, 256GB SSD, RTX 3060",1180.46,639
Lenovo,"i9, 8GB, 512GB SSD, RTX 4050",1136.66,208
MacBook,"Ryzen 3, 8GB, 512GB SSD, RTX 4060",1879.27,436
MacBook,"i7, 32GB, 2TB SSD, RTX 4050",1843.37,400
Lenovo,"i7, 8GB, 256GB SSD, Intel Iris Xe",1074.3,447
Asus,"Ryzen 3, 8GB, 512GB SSD, RTX 3070",1477.16,214
Lenovo,"Ryzen 3, 8GB, 512GB SSD, RTX 3060",1274.64,631
Lenovo,"i3, 32GB, 256GB SSD, RTX 3060",803.08,547
Asus,"i7, 16GB, 2TB SSD, RTX 4050",2084.29,329
Asus,"i5, 16GB, 1TB SSD, RTX 3070",1840.29,370
Asus,"i5, 32GB, 1TB SSD, RTX 3060",1913.61,244
Acer,"i7, 8GB, 512GB SSD, RTX 3050",1035.47,338
Lenovo,"i9, 16GB, 256GB SSD, RTX 4050",1881.45,280
MacBook,"i3, 16GB, 512GB SSD, RTX 4060",2173.73,587
HP,"Ryzen 5, 32GB, 1TB SSD, RTX 3050",1434.91,670
Acer,"Ryzen 7, 16GB, 512GB SSD, Intel Iris Xe",1278.24,302
Lenovo,"i3, 8GB, 256GB SSD, RTX 3070",1713.23,685
HP,"Ryzen 7, 16GB, 512GB SSD, RTX 3070",1453.67,357
Lenovo,"i3, 16GB, 1TB SSD, Intel Iris Xe",1634.28,324
Asus,"Ryzen 3, 32GB, 2TB SSD, Intel Iris Xe",706.41,374
HP,"Ryzen 7, 8GB, 512GB SSD, RTX 4060",918.67,462
Lenovo,"i9, 8GB, 1TB SSD, Intel Iris Xe",960.3,371
Asus,"i7, 8GB, 1TB SSD, RTX 3050",872.34,295
Asus,"i7, 8GB, 2TB SSD, RTX 3070",1634.21,481
HP,"Ryzen 5, 16GB, 256GB SSD, RTX 3050",1002.13,233
Asus,"i3, 32GB, 2TB SSD, Intel Iris Xe",1262.97,455
Asus,"Ryzen 7, 32GB, 1TB SSD, RTX 4050",1696.68,685
MacBook,"i3, 32GB, 1TB SSD, RTX 3060",2934.01,587
Asus,"Ryzen 5, 32GB, 2TB SSD, RTX 4050",1764.36,667
Asus,"Ryzen 3, 8GB, 256GB SSD, RTX 3070",1210.59,281
MacBook,"i9, 8GB, 256GB SSD, Intel Iris Xe",1444.82,487
HP,"i9, 32GB, 512GB SSD, RTX 3050",603.04,646
Asus,"i9, 8GB, 1TB SSD, RTX 4050",842.0,469
Acer,"i9, 32GB, 512GB SSD, RTX 4050",1258.6,552
MacBook,"Ryzen 7, 32GB, 1TB SSD, RTX 4050",2422.19,447
HP,"i7, 16GB, 512GB SSD, RTX 4050",1005.68,253
Asus,"i3, 32GB, 1TB SSD, RTX 4060",1044.07,356
Lenovo,"Ryzen 3, 8GB, 512GB SSD, RTX 4060",581.47,578
Lenovo,"i9, 32GB, 1TB SSD, Intel Iris Xe",1901.98,393
Acer,"Ryzen 7, 32GB, 1TB SSD, RTX 4060",784.27,373
Asus,"i5, 32GB, 2TB SSD, Intel Iris Xe",1675.63,596
HP,"i3, 16GB, 256GB SSD, RTX 3050",1410.98,518
Acer,"i7, 8GB, 2TB SSD, RTX 3050",1184.91,202
Lenovo,"Ryzen 7, 16GB, 512GB SSD, Intel Iris Xe",1284.63,393
Lenovo,"i7, 8GB, 2TB SSD, RTX 3070",885.87,569
Asus,"Ryzen 5, 32GB, 256GB SSD, RTX 4060",2008.84,487
MacBook,"i5, 32GB, 256GB SSD, RTX 4060",1291.16,416
MacBook,"i5, 32GB, 2TB SSD, RTX 4060",2995.08,381
MacBook,"Ryzen 5, 32GB, 2TB SSD, RTX 3050",1685.36,695
Asus,"i7, 8GB, 512GB SSD, RTX 4060",848.01,420
MacBook,"i3, 16GB, 512GB SSD, RTX 3070",1403.04,439
HP,"Ryzen 3, 32GB, 256GB SSD, RTX 3050",706.03,632
Lenovo,"i9, 8GB, 2TB SSD, RTX 3070",859.75,412
Asus,"Ryzen 5, 8GB, 1TB SSD, RTX 3070",1117.77,455
Asus,"i7, 16GB, 512GB SSD, RTX 4060",1742.85,413
MacBook,"i9, 16GB, 2TB SSD, RTX 4060",1206.95,314
MacBook,"Ryzen 5, 8GB, 1TB SSD, RTX 4050",2522.34,611
Lenovo,"Ryzen 3, 8GB, 256GB SSD, Intel Iris Xe",1696.58,581
MacBook,"Ryzen 5, 8GB, 512GB SSD, Intel Iris Xe",1599.93,292
Acer,"i7, 8GB, 512GB SSD, Intel Iris Xe",665.16,436
Asus,"i9, 8GB, 1TB SSD, RTX 3060",1625.84,366
HP,"i7, 32GB, 1TB SSD, RTX 3070",1665.48,310
Lenovo,"Ryzen 3, 32GB, 256GB SSD, RTX 4050",1058.52,354
HP,"i3, 8GB, 512GB SSD, Intel Iris Xe",1643.95,557
Lenovo,"i5, 8GB, 1TB SSD, Intel Iris Xe",1822.87,219
Asus,"Ryzen 5, 32GB, 1TB SSD, RTX 4060",1809.4,307
HP,"Ryzen 7, 16GB, 512GB SSD, Intel Iris Xe",1698.39,409
Asus,"Ryzen 5, 16GB, 256GB SSD, RTX 3050",1551.62,477
MacBook,"Ryzen 5, 16GB, 512GB SSD, RTX 3070",1321.24,265
HP,"i7, 16GB, 2TB SSD, RTX 4050",1387.05,654
Acer,"i5, 8GB, 512GB SSD, RTX 3070",1349.18,640
Lenovo,"i5, 32GB, 1TB SSD, Intel Iris Xe",1119.74,522
Acer,"Ryzen 7, 16GB, 256GB SSD, RTX 3060",941.12,399
Acer,"i5, 16GB, 1TB SSD, RTX 3050",989.76,310
Lenovo,"i7, 8GB, 2TB SSD, RTX 4060",1077.71,562
Lenovo,"i3, 16GB, 256GB SSD, RTX 3070",1872.74,669
Lenovo,"Ryzen 5, 8GB, 2TB SSD, RTX 4050",1462.3,224
Asus,"Ryzen 7, 32GB, 256GB SSD, RTX 3050",2108.22,270
MacBook,"i9, 16GB, 256GB SSD, RTX 3050",1648.86,201
HP,"i3, 32GB, 512GB SSD, RTX 3050",618.95,406
Acer,"Ryzen 3, 16GB, 512GB SSD, RTX 3070",1409.32,379
Acer,"Ryzen 7, 16GB, 512GB SSD, RTX 3060",1111.91,519
Acer,"i3, 8GB, 2TB SSD, Intel Iris Xe",629.2,222
HP,"Ryzen 7, 8GB, 1TB SSD, RTX 3070",823.28,542
MacBook,"i3, 32GB, 512GB SSD, RTX 4060",1747.74,376
HP,"i7, 8GB, 1TB SSD, RTX 3070",1042.13,647
Lenovo,"Ryzen 7, 16GB, 2TB SSD, RTX 4060",1065.8,222
MacBook,"Ryzen 7, 16GB, 256GB SSD, RTX 3070",1339.53,636
Acer,"Ryzen 5, 32GB, 512GB SSD, RTX 3060",1036.48,543
HP,"i5, 8GB, 1TB SSD, RTX 3060",685.34,254
Asus,"Ryzen 5, 8GB, 2TB SSD, Intel Iris Xe",1352.67,511
Asus,"i5, 8GB, 512GB SSD, RTX 3070",1596.15,448
MacBook,"Ryzen 3, 8GB, 256GB SSD, RTX 4060",2574.29,222
Asus,"i3, 32GB, 512GB SSD, RTX 3070",619.07,369
Acer,"i9, 8GB, 256GB SSD, Intel Iris Xe",1094.7,583
Lenovo,"Ryzen 3, 16GB, 256GB SSD, RTX 4060",1555.19,356
HP,"i7, 8GB, 1TB SSD, RTX 3060",971.17,271
Asus,"Ryzen 5, 16GB, 1TB SSD, Intel Iris Xe",2077.94,227
Acer,"Ryzen 7, 8GB, 256GB SSD, RTX 3050",971.4,404
Acer,"i9, 8GB, 512GB SSD, RTX 4060",588.89,403
Asus,"i3, 8GB, 256GB SSD, RTX 3050",864.17,376
Lenovo,"i7, 32GB, 1TB SSD, RTX 4060",1295.5,482
MacBook,"i7, 8GB, 2TB SSD, RTX 3050",2878.27,594
Lenovo,"Ryzen 3, 16GB, 256GB SSD, RTX 3070",716.63,264
MacBook,"Ryzen 5, 16GB, 256GB SSD, RTX 3070",1273.94,458
MacBook,"i7, 16GB, 256GB SSD, RTX 3050",2474.38,262
HP,"i3, 8GB, 512GB SSD, RTX 4060",730.41,249
Asus,"Ryzen 3, 32GB, 2TB SSD, RTX 3060",2033.22,337
MacBook,"i7, 16GB, 512GB SSD, RTX 4050",2641.04,616
Lenovo,"Ryzen 3, 8GB, 2TB SSD, RTX 4050",1722.54,297
Acer,"i3, 16GB, 256GB SSD, RTX 4060",1461.58,389
Asus,"i7, 8GB, 1TB SSD, RTX 4050",1686.03,347
Acer,"Ryzen 7, 16GB, 1TB SSD, RTX 3050",1278.32,591
Acer,"Ryzen 5, 32GB, 256GB SSD, Intel Iris Xe",669.35,622
MacBook,"i7, 16GB, 256GB SSD, RTX 3070",1951.11,389
MacBook,"i3, 16GB, 1TB SSD, RTX 3070",1872.93,460
HP,"i7, 8GB, 2TB SSD, RTX 3050",812.96,227
Asus,"i5, 16GB, 1TB SSD, RTX 3060",2146.86,286
HP,"Ryzen 7, 32GB, 256GB SSD, Intel Iris Xe",793.69,468
Acer,"i9, 8GB, 512GB SSD, RTX 4050",872.76,535
Acer,"i5, 8GB, 1TB SSD, RTX 3050",674.25,452
Lenovo,"Ryzen 5, 8GB, 2TB SSD, RTX 3050",801.34,652
MacBook,"Ryzen 3, 8GB, 256GB SSD, RTX 4050",1898.31,285
MacBook,"i9, 32GB, 2TB SSD, RTX 3050",2578.25,456
Lenovo,"i5, 8GB, 256GB SSD, Intel Iris Xe",1970.89,211
HP,"i5, 32GB, 2TB SSD, RTX 3060",1189.77,404
MacBook,"i9, 16GB, 512GB SSD, RTX 4060",1246.7,499
Asus,"i5, 8GB, 2TB SSD, Intel Iris Xe",1539.4,393
Lenovo,"i3, 16GB, 256GB SSD, RTX 4050",687.34,600
Asus,"i5, 32GB, 512GB SSD, RTX 4050",1685.78,354
Asus,"i3, 32GB, 1TB SSD, Intel Iris Xe",1309.57,308
Asus,"i9, 8GB, 1TB SSD, RTX 3050",804.15,335
Lenovo,"i9, 16GB, 512GB SSD, RTX 4060",1753.74,268
MacBook,"i9, 16GB, 1TB SSD, RTX 4050",2859.91,401
Asus,"Ryzen 3, 32GB, 1TB SSD, RTX 4060",715.82,665
MacBook,"Ryzen 5, 32GB, 1TB SSD, RTX 3070",2284.72,212
Lenovo,"i9, 16GB, 2TB SSD, RTX 3050",1183.26,208
Acer,"Ryzen 5, 8GB, 1TB SSD, RTX 4060",1040.92,235
MacBook,"i9, 16GB, 2TB SSD, RTX 3060",1218.33,556
Acer,"Ryzen 3, 16GB, 1TB SSD, Intel Iris Xe",1386.94,345
HP,"i9, 16GB, 1TB SSD, RTX 4060",1363.52,646
Asus,"Ryzen 5, 16GB, 512GB SSD, RTX 4060",1104.43,344
Acer,"i7, 8GB, 2TB SSD, RTX 4050",696.74,645
HP,"i3, 16GB, 512GB SSD, RTX 3060",1078.93,283
MacBook,"i7, 32GB, 512GB SSD, Intel Iris Xe",1467.91,326
MacBook,"Ryzen 3, 8GB, 256GB SSD, Intel Iris Xe",2012.33,631
HP,"Ryzen 7, 16GB, 256GB SSD, RTX 3050",692.03,315
HP,"i3, 16GB, 256GB SSD, RTX 4050",749.18,312
MacBook,"i9, 8GB, 1TB SSD, RTX 3060",2580.15,466
Acer,"i7, 8GB, 2TB SSD, RTX 3070",576.31,349
Lenovo,"i3, 8GB, 2TB SSD, RTX 3050",1769.55,597
Lenovo,"i3, 8GB, 2TB SSD, RTX 4060",1780.98,400
Lenovo,"i9, 32GB, 2TB SSD, RTX 3060",1725.76,432
Lenovo,"i3, 8GB, 256GB SSD, Intel Iris Xe",1959.53,335
Acer,"Ryzen 5, 8GB, 256GB SSD, RTX 4060",1317.11,458
Lenovo,"Ryzen 3, 8GB, 256GB SSD, RTX 3070",550.32,340
Asus,"Ryzen 3, 8GB, 1TB SSD, RTX 3070",1351.24,387
MacBook,"i7, 32GB, 256GB SSD, RTX 4060",2688.83,379
Lenovo,"i5, 32GB, 2TB SSD, RTX 4050",682.52,508
Acer,"Ryzen 3, 16GB, 256GB SSD, RTX 3060",1039.3,448
Lenovo,"i5, 16GB, 1TB SSD, RTX 4060",1689.63,387
Asus,"Ryzen 3, 8GB, 256GB SSD, RTX 3060",1522.51,577
Acer,"Ryzen 5, 16GB, 2TB SSD, RTX 4060",1414.12,288
MacBook,"Ryzen 3, 16GB, 1TB SSD, RTX 4060",1572.38,486
Acer,"i9, 32GB, 512GB SSD, RTX 4060",1333.68,394
Acer,"Ryzen 7, 16GB, 256GB SSD, RTX 4060",1134.13,458
Asus,"i5, 16GB, 1TB SSD, RTX 4050",2104.12,627
Lenovo,"i5, 16GB, 2TB SSD, RTX 3050",964.56,584
Lenovo,"i5, 16GB, 2TB SSD, Intel Iris Xe",1200.11,246
Acer,"Ryzen 7, 32GB, 1TB SSD, Intel Iris Xe",1327.94,427
MacBook,"Ryzen 5, 8GB, 1TB SSD, RTX 3050",2211.15,375
MacBook,"i9, 32GB, 512GB SSD, RTX 3050",1936.61,691
MacBook,"Ryzen 5, 8GB, 256GB SSD, RTX 3060",1749.39,277
Acer,"i5, 32GB, 256GB SSD, RTX 3050",781.66,231
Lenovo,"Ryzen 5, 16GB, 512GB SSD, RTX 3050",1989.48,693
Acer,"i7, 32GB, 1TB SSD, RTX 3060",579.56,410
Asus,"i7, 32GB, 1TB SSD, RTX 3050",1595.44,268
Lenovo,"Ryzen 7, 8GB, 256GB SSD, Intel Iris Xe",1883.22,382
Asus,"Ryzen 7, 32GB, 1TB SSD, RTX 3050",882.86,504
Acer,"Ryzen 5, 16GB, 512GB SSD, RTX 4060",1111.65,594
Acer,"Ryzen 5, 32GB, 2TB SSD, Intel Iris Xe",1279.95,295
Acer,"i7, 8GB, 2TB SSD, Intel Iris Xe",1379.45,610
MacBook,"i9, 32GB, 1TB SSD, RTX 3050",1300.26,574
Asus,"Ryzen 3, 8GB, 2TB SSD, RTX 3070",1472.3,485
Asus,"Ryzen 7, 8GB, 2TB SSD, RTX 3050",1883.97,669
Acer,"Ryzen 3, 8GB, 256GB SSD, RTX 3050",868.83,630
MacBook,"i3, 16GB, 1TB SSD, Intel Iris Xe",1777.89,442
HP,"Ryzen 7, 32GB, 1TB SSD, RTX 3070",1581.77,469
MacBook,"Ryzen 7, 16GB, 1TB SSD, RTX 4050",1575.46,566
Acer,"Ryzen 5, 32GB, 2TB SSD, RTX 4060",503.29,543
HP,"i3, 16GB, 1TB SSD, RTX 3070",1048.05,686
Acer,"Ryzen 5, 8GB, 512GB SSD, RTX 3060",1151.59,668
MacBook,"Ryzen 5, 32GB, 2TB SSD, RTX 4060",1451.59,616
Lenovo,"i7, 8GB, 1TB SSD, RTX 3070",1855.28,659
Lenovo,"i7, 16GB, 1TB SSD, RTX 3050",575.68,294
Acer,"i9, 8GB, 2TB SSD, RTX 3050",1092.42,376
HP,"i3, 32GB, 1TB SSD, RTX 3070",640.84,421
HP,"Ryzen 5, 32GB, 512GB SSD, RTX 3070",1075.89,496
Lenovo,"i7, 16GB, 512GB SSD, RTX 3060",760.45,472
MacBook,"Ryzen 5, 8GB, 256GB SSD, RTX 4060",1859.05,399
Lenovo,"i5, 8GB, 1TB SSD, RTX 3060",1490.56,309
HP,"i7, 16GB, 1TB SSD, RTX 3050",1371.92,523
Acer,"i5, 8GB, 2TB SSD, RTX 3050",709.05,356
Asus,"i9, 32GB, 1TB SSD, RTX 3070",650.74,414
Acer,"Ryzen 7, 16GB, 512GB SSD, RTX 3050",1411.3,249
MacBook,"i9, 16GB, 1TB SSD, Intel Iris Xe",2188.59,334
MacBook,"i5, 16GB, 256GB SSD, RTX 4050",1307.38,591
Acer,"i9, 32GB, 1TB SSD, RTX 3060",1387.09,527
Asus,"i5, 8GB, 256GB SSD, RTX 3060",646.65,293
Asus,"Ryzen 7, 16GB, 512GB SSD, RTX 3060",778.31,537
Asus,"Ryzen 3, 16GB, 512GB SSD, RTX 4050",1502.64,414
Acer,"Ryzen 7, 32GB, 256GB SSD, Intel Iris Xe",1387.12,253
Lenovo,"i7, 16GB, 256GB SSD, RTX 3050",619.77,656
MacBook,"Ryzen 5, 32GB, 512GB SSD, RTX 3060",2382.33,480
Acer,"Ryzen 3, 8GB, 256GB SSD, Intel Iris Xe",781.52,623
Lenovo,"i9, 16GB, 1TB SSD, Intel Iris Xe",1266.27,365
Asus,"i9, 8GB, 2TB SSD, RTX 3050",1894.67,324
Asus,"i3, 32GB, 2TB SSD, RTX 4050",1091.69,666
Asus,"i9, 32GB, 1TB SSD, RTX 3060",1901.88,281
Asus,"i3, 8GB, 2TB SSD, RTX 4050",983.96,640
HP,"i9, 32GB, 2TB SSD, RTX 4060",935.22,496
Acer,"Ryzen 3, 32GB, 1TB SSD, RTX 4060",554.45,626
Lenovo,"i7, 8GB, 256GB SSD, RTX 3050",1579.24,645
HP,"Ryzen 3, 8GB, 512GB SSD, RTX 3050",1746.64,656
Lenovo,"Ryzen 5, 32GB, 2TB SSD, RTX 3070",1625.85,305
HP,"i7, 16GB, 1TB SSD, RTX 4060",1369.65,640
Acer,"Ryzen 7, 32GB, 512GB SSD, RTX 4060",842.36,361
HP,"i9, 16GB, 256GB SSD, RTX 3060",1117.94,446
Acer,"i3, 16GB, 1TB SSD, RTX 4050",738.02,342
HP,"i5, 8GB, 256GB SSD, Intel Iris Xe",1041.44,700
MacBook,"Ryzen 5, 16GB, 512GB SSD, RTX 4050",1253.71,484
MacBook,"Ryzen 7, 16GB, 512GB SSD, Intel Iris Xe",2523.87,572
HP,"Ryzen 3, 32GB, 512GB SSD, Intel Iris Xe",1280.57,204
Lenovo,"i3, 16GB, 1TB SSD, RTX 3070",1670.88,445
Lenovo,"Ryzen 5, 8GB, 512GB SSD, RTX 4050",788.97,603
Lenovo,"Ryzen 3, 8GB, 512GB SSD, RTX 4050",1987.22,207
Lenovo,"i3, 16GB, 512GB SSD, RTX 3050",741.68,201
Lenovo,"i5, 8GB, 256GB SSD, RTX 4060",1686.63,540
Acer,"Ryzen 3, 8GB, 256GB SSD, RTX 4050",1461.14,672
Lenovo,"i9, 32GB, 256GB SSD, RTX 4050",1820.87,322
Lenovo,"i9, 16GB, 2TB SSD, Intel Iris Xe",725.72,381
MacBook,"i3, 16GB, 1TB SSD, RTX 4050",2930.47,585
Asus,"Ryzen 7, 32GB, 2TB SSD, Intel Iris Xe",2110.89,202
Lenovo,"i5, 16GB, 512GB SSD, Intel Iris Xe",1941.17,590
Lenovo,"i7, 16GB, 1TB SSD, Intel Iris Xe",622.28,205
Acer,"Ryzen 3, 16GB, 256GB SSD, RTX 3050",1320.08,376
Lenovo,"Ryzen 3, 32GB, 512GB SSD, RTX 3050",1446.97,314
HP,"i9, 16GB, 1TB SSD, Intel Iris Xe",960.24,347
Acer,"Ryzen 5, 16GB, 256GB SSD, RTX 3070",631.4,291
Lenovo,"i5, 16GB, 2TB SSD, RTX 3060",1142.12,431
HP,"i9, 16GB, 1TB SSD, RTX 3050",774.41,645
HP,"i7, 32GB, 2TB SSD, Intel Iris Xe",1551.62,523
MacBook,"i3, 8GB, 512GB SSD, Intel Iris Xe",2037.35,279
Acer,"Ryzen 7, 16GB, 1TB SSD, Intel Iris Xe",1381.31,449
Acer,"Ryzen 7, 8GB, 1TB SSD, RTX 3050",1127.47,542
HP,"Ryzen 7, 16GB, 2TB SSD, RTX 4050",803.5,476
Asus,"i7, 8GB, 256GB SSD, RTX 3060",849.55,572
Acer,"Ryzen 7, 8GB, 2TB SSD, RTX 3050",962.69,515
MacBook,"Ryzen 7, 16GB, 2TB SSD, RTX 4060",2515.64,674
Asus,"Ryzen 5, 8GB, 1TB SSD, RTX 3050",2180.26,415
HP,"Ryzen 3, 16GB, 256GB SSD, RTX 3060",767.4,410
Asus,"i9, 8GB, 256GB SSD, RTX 3070",686.95,321
Acer,"Ryzen 3, 32GB, 1TB SSD, RTX 3070",1409.07,542
Asus,"i3, 8GB, 1TB SSD, Intel Iris Xe",1655.95,697
HP,"i7, 16GB, 1TB SSD, RTX 4050",1036.16,297
HP,"Ryzen 7, 32GB, 256GB SSD, RTX 4050",1061.16,406
HP,"i5, 8GB, 1TB SSD, RTX 3070",1722.86,641
Asus,"i7, 32GB, 1TB SSD, RTX 3060",1604.03,625
Acer,"i7, 32GB, 512GB SSD, RTX 3070",815.08,667
Asus,"i5, 8GB, 1TB SSD, Intel Iris Xe",2116.46,466
Acer,"i9, 32GB, 2TB SSD, RTX 3050",1485.07,243
Lenovo,"i7, 8GB, 256GB SSD, RTX 3070",763.23,444
Acer,"Ryzen 5, 16GB, 256GB SSD, RTX 4050",1365.17,297
Lenovo,"i9, 16GB, 256GB SSD, RTX 4060",1844.02,590
Asus,"Ryzen 7, 8GB, 256GB SSD, RTX 3060",1617.76,242
MacBook,"i9, 16GB, 512GB SSD, RTX 3050",1560.43,536
HP,"i5, 16GB, 2TB SSD, RTX 3060",1242.24,280
MacBook,"i9, 32GB, 2TB SSD, Intel Iris Xe",1479.79,511
Acer,"Ryzen 3, 16GB, 256GB SSD, Intel Iris Xe",996.3,518
MacBook,"i5, 32GB, 2TB SSD, RTX 4050",1999.76,515
HP,"i5, 32GB, 2TB SSD, RTX 4060",920.3,599
Asus,"Ryzen 5, 16GB, 256GB SSD, Intel Iris Xe",1794.45,351
Lenovo,"i5, 8GB, 2TB SSD, RTX 3050",763.18,267
MacBook,"i9, 16GB, 1TB SSD, RTX 3060",2161.4,255
Asus,"Ryzen 7, 16GB, 256GB SSD, RTX 4050",1159.73,670
MacBook,"Ryzen 7, 8GB, 512GB SSD, Intel Iris Xe",2998.32,439
Acer,"i7, 16GB, 256GB SSD, RTX 3070",1030.67,299
Lenovo,"Ryzen 3, 16GB, 512GB SSD, RTX 4060",1874.35,596
Lenovo,"i9, 32GB, 2TB SSD, RTX 3050",1236.56,408
Acer,"i3, 32GB, 256GB SSD, RTX 4060",1488.49,612
Acer,"Ryzen 5, 8GB, 2TB SSD, Intel Iris Xe",1249.5,438
MacBook,"i5, 16GB, 2TB SSD, RTX 3070",1664.66,499
Asus,"i7, 8GB, 256GB SSD, RTX 4060",2067.54,385
MacBook,"i5, 32GB, 1TB SSD, RTX 3070",2488.94,264
Asus,"Ryzen 5, 16GB, 512GB SSD, RTX 4050",1973.18,360
Lenovo,"i5, 8GB, 1TB SSD, RTX 4050",1167.36,380
HP,"Ryzen 5, 8GB, 512GB SSD, Intel Iris Xe",1028.88,493
HP,"Ryzen 5, 8GB, 512GB SSD, RTX 3070",1595.05,204
Acer,"i9, 16GB, 2TB SSD, RTX 3050",1137.35,459
Asus,"i9, 16GB, 1TB SSD, RTX 4060",990.2,375
Lenovo,"Ryzen 5, 8GB, 2TB SSD, RTX 3070",562.98,487
Asus,"Ryzen 5, 8GB, 1TB SSD, RTX 4060",1273.73,220
Lenovo,"i7, 8GB, 256GB SSD, RTX 4050",693.95,632
Lenovo,"Ryzen 5, 16GB, 256GB SSD, RTX 3060",1690.16,306
MacBook,"Ryzen 5, 32GB, 512GB SSD, Intel Iris Xe",1581.55,457
HP,"i5, 16GB, 512GB SSD, Intel Iris Xe",1185.51,475
HP,"i9, 32GB, 256GB SSD, RTX 4050",1483.85,461
HP,"i3, 32GB, 256GB SSD, RTX 4050",616.71,632
Asus,"Ryzen 7, 8GB, 512GB SSD, RTX 3060",997.1,581
Asus,"i9, 8GB, 2TB SSD, RTX 3070",1707.37,213
Acer,"Ryzen 7, 8GB, 512GB SSD, RTX 4050",1313.23,305
Asus,"Ryzen 5, 8GB, 512GB SSD, Intel Iris Xe",2182.74,626
Lenovo,"i3, 32GB, 2TB SSD, RTX 4060",1301.5,313
Asus,"Ryzen 3, 16GB, 2TB SSD, RTX 4060",1027.72,491
Asus,"i7, 16GB, 512GB SSD, RTX 3050",1517.55,467
Asus,"i3, 8GB, 512GB SSD, RTX 4050",2074.54,470
Acer,"i5, 32GB, 1TB SSD, RTX 4050",676.21,340
HP,"i3, 8GB, 1TB SSD, RTX 3060",1623.16,559
Lenovo,"Ryzen 3, 32GB, 512GB SSD, RTX 3060",1811.79,308
Asus,"Ryzen 5, 32GB, 1TB SSD, RTX 3060",2043.97,348
MacBook,"i3, 8GB, 1TB SSD, RTX 3070",2721.91,606
MacBook,"i9, 32GB, 512GB SSD, RTX 4050",2743.01,287
MacBook,"Ryzen 7, 8GB, 256GB SSD, RTX 3070",1388.47,267
Lenovo,"i5, 16GB, 1TB SSD, RTX 3060",991.29,344
Asus,"Ryzen 5, 8GB, 512GB SSD, RTX 4050",1389.01,501
Asus,"Ryzen 5, 32GB, 2TB SSD, RTX 3050",687.37,355
Asus,"i7, 8GB, 512GB SSD, RTX 3050",1333.26,210
HP,"i7, 8GB, 2TB SSD, Intel Iris Xe",675.06,261
Lenovo,"i5, 16GB, 256GB SSD, RTX 4050",695.11,663
Asus,"i7, 32GB, 256GB SSD, RTX 4050",990.81,201
HP,"Ryzen 3, 8GB, 1TB SSD, RTX 4050",1345.92,301
Lenovo,"Ryzen 5, 8GB, 512GB SSD, Intel Iris Xe",849.68,356
Asus,"i7, 16GB, 512GB SSD, Intel Iris Xe",1818.64,592
Acer,"Ryzen 5, 16GB, 1TB SSD, RTX 3070",641.36,324
Lenovo,"Ryzen 7, 16GB, 2TB SSD, Intel Iris Xe",861.8,699
MacBook,"Ryzen 3, 16GB, 512GB SSD, RTX 3060",1403.36,545
MacBook,"Ryzen 7, 16GB, 256GB SSD, RTX 3050",1292.55,618
Asus,"i5, 8GB, 2TB SSD, RTX 4050",1391.64,275
MacBook,"i3, 32GB, 1TB SSD, Intel Iris Xe",2377.33,275
Acer,"i3, 8GB, 512GB SSD, RTX 4060",1009.99,659
Acer,"i9, 8GB, 1TB SSD, RTX 4060",556.37,456
Lenovo,"i7, 16GB, 512GB SSD, RTX 4060",864.07,420
HP,"i9, 16GB, 256GB SSD, RTX 3050",965.59,363
MacBook,"i9, 8GB, 2TB SSD, Intel Iris Xe",2881.2,244
Asus,"i7, 16GB, 512GB SSD, RTX 3070",1281.15,330
HP,"i7, 8GB, 512GB SSD, RTX 3070",1380.72,679
Acer,"Ryzen 3, 32GB, 1TB SSD, Intel Iris Xe",596.42,227
HP,"i7, 8GB, 512GB SSD, RTX 3060",1724.83,204
Asus,"i7, 32GB, 256GB SSD, Intel Iris Xe",1667.29,627
MacBook,"i9, 8GB, 2TB SSD, RTX 4050",2266.05,584
MacBook,"Ryzen 3, 8GB, 1TB SSD, RTX 4060",2063.85,616
MacBook,"Ryzen 3, 16GB, 512GB SSD, RTX 3050",2629.74,632
MacBook,"Ryzen 7, 32GB, 1TB SSD, RTX 3070",2867.12,376
Lenovo,"Ryzen 5, 16GB, 512GB SSD, RTX 4060",651.44,651
MacBook,"i9, 16GB, 512GB SSD, RTX 3060",2489.79,489
MacBook,"i9, 32GB, 256GB SSD, Intel Iris Xe",2246.62,558
MacBook,"Ryzen 5, 32GB, 2TB SSD, RTX 3070",1836.67,336
Acer,"i3, 32GB, 256GB SSD, RTX 3070",644.6,392
MacBook,"i7, 32GB, 1TB SSD, RTX 4060",2303.72,643
Lenovo,"Ryzen 5, 16GB, 1TB SSD, RTX 3070",1494.7,233
HP,"Ryzen 5, 16GB, 1TB SSD, RTX 3070",640.3,430
Lenovo,"Ryzen 5, 8GB, 256GB SSD, RTX 3070",1642.1,682
Asus,"i5, 8GB, 256GB SSD, RTX 4050",1275.57,698
MacBook,"i3, 32GB, 256GB SSD, RTX 3070",1961.64,489
Acer,"Ryzen 3, 32GB, 256GB SSD, Intel Iris Xe",511.06,242
MacBook,"Ryzen 3, 16GB, 512GB SSD, RTX 3070",2345.66,655
Acer,"Ryzen 7, 32GB, 2TB SSD, RTX 3050",824.59,293
Asus,"i3, 32GB, 256GB SSD, RTX 3050",1706.71,307
Acer,"i3, 16GB, 256GB SSD, RTX 4050",1178.91,544
Asus,"i7, 8GB, 1TB SSD, RTX 3060",1030.13,681
HP,"i5, 16GB, 256GB SSD, RTX 3060",1584.3,695
HP,"Ryzen 3, 8GB, 2TB SSD, RTX 4060",1023.07,267
Asus,"Ryzen 7, 16GB, 1TB SSD, RTX 4060",1220.74,625
Lenovo,"i5, 16GB, 1TB SSD, RTX 4050",1644.31,615
HP,"Ryzen 7, 32GB, 256GB SSD, RTX 3060",804.51,256
Acer,"Ryzen 3, 8GB, 2TB SSD, RTX 4060",936.57,412
Lenovo,"i9, 8GB, 256GB SSD, RTX 4060",967.58,386
HP,"Ryzen 5, 8GB, 256GB SSD, RTX 3070",1502.46,616
Acer,"i9, 32GB, 256GB SSD, RTX 3070",681.72,488
HP,"i3, 16GB, 512GB SSD, RTX 4050",929.88,385
Lenovo,"i3, 32GB, 2TB SSD, Intel Iris Xe",1947.93,686
HP,"Ryzen 3, 16GB, 2TB SSD, RTX 4060",1742.33,601
HP,"i7, 8GB, 1TB SSD, RTX 4060",1734.24,370
Asus,"i7, 8GB, 512GB SSD, RTX 3070",861.8,472
MacBook,"Ryzen 3, 16GB, 1TB SSD, RTX 4050",1526.71,547
Asus,"i9, 32GB, 2TB SSD, RTX 3070",1944.63,648
Asus,"Ryzen 5, 16GB, 2TB SSD, RTX 4050",1939.4,640
Acer,"i3, 8GB, 256GB SSD, RTX 4060",1358.24,656
Acer,"i5, 8GB, 2TB SSD, RTX 3070",1492.02,524
Asus,"Ryzen 3, 8GB, 1TB SSD, RTX 3060",1665.01,582
HP,"i3, 32GB, 2TB SSD, RTX 3070",672.62,321
Acer,"i9, 32GB, 256GB SSD, RTX 4050",1407.67,573
Acer,"i9, 8GB, 256GB SSD, RTX 3070",563.87,506
Asus,"i9, 32GB, 512GB SSD, RTX 3050",949.82,390
Asus,"i3, 32GB, 512GB SSD, RTX 3050",667.09,520
HP,"i9, 8GB, 256GB SSD, RTX 3050",1595.82,227
HP,"i5, 32GB, 1TB SSD, RTX 3050",1026.27,579
MacBook,"Ryzen 3, 8GB, 1TB SSD, RTX 3050",2016.44,381
Lenovo,"Ryzen 7, 16GB, 2TB SSD, RTX 3060",1816.7,632
Acer,"i3, 8GB, 1TB SSD, RTX 3050",1187.49,619
HP,"Ryzen 3, 32GB, 1TB SSD, RTX 3050",1070.16,317
Lenovo,"Ryzen 7, 16GB, 1TB SSD, RTX 3060",704.28,239
MacBook,"i3, 32GB, 256GB SSD, RTX 4060",2811.72,254
MacBook,"Ryzen 5, 16GB, 1TB SSD, RTX 4060",2711.71,232
Asus,"i7, 32GB, 2TB SSD, RTX 4060",960.74,382
HP,"i7, 8GB, 256GB SSD, RTX 3060",1065.3,482
Lenovo,"i9, 32GB, 512GB SSD, Intel Iris Xe",1758.85,601
Acer,"Ryzen 3, 8GB, 256GB SSD, RTX 3060",1258.74,641
Asus,"i3, 32GB, 512GB SSD, RTX 4050",1442.02,301
MacBook,"i7, 32GB, 512GB SSD, RTX 4050",2752.72,422
Asus,"Ryzen 7, 16GB, 256GB SSD, RTX 4060",1647.44,577
MacBook,"i9, 8GB, 512GB SSD, RTX 3060",2192.52,591
Asus,"i3, 16GB, 512GB SSD, RTX 3050",1524.99,294
HP,"i9, 8GB, 256GB SSD, RTX 4050",1466.61,378
Asus,"i7, 32GB, 512GB SSD, RTX 3070",1781.27,582
Lenovo,"Ryzen 7, 8GB, 256GB SSD, RTX 3050",1770.14,524
HP,"Ryzen 3, 8GB, 1TB SSD, RTX 3070",1777.6,519
MacBook,"Ryzen 3, 8GB, 512GB SSD, RTX 3060",2061.11,207
Asus,"i3, 8GB, 1TB SSD, RTX 4050",1887.18,437
Lenovo,"i7, 8GB, 512GB SSD, RTX 4060",989.01,548
Lenovo,"i7, 32GB, 512GB SSD, RTX 3050",611.5,272
Acer,"i3, 32GB, 2TB SSD, RTX 3060",1210.75,500
HP,"i5, 16GB, 1TB SSD, Intel Iris Xe",1458.22,397
Lenovo,"Ryzen 5, 32GB, 256GB SSD, RTX 4060",711.33,401
Asus,"Ryzen 7, 8GB, 2TB SSD, RTX 4050",928.13,375
HP,"Ryzen 3, 8GB, 256GB SSD, RTX 3060",1563.5,322
Lenovo,"i3, 32GB, 1TB SSD, RTX 3060",1657.46,409
Acer,"Ryzen 7, 8GB, 512GB SSD, Intel Iris Xe",1106.55,213
HP,"Ryzen 7, 16GB, 1TB SSD, RTX 3070",1191.51,410
Lenovo,"Ryzen 3, 32GB, 512GB SSD, RTX 3070",1966.85,285
Asus,"i3, 16GB, 2TB SSD, RTX 3050",887.23,214
Acer,"Ryzen 3, 32GB, 256GB SSD, RTX 4050",998.52,296
Lenovo,"i9, 32GB, 2TB SSD, RTX 3070",1781.63,371
Acer,"Ryzen 7, 32GB, 2TB SSD, RTX 3070",1301.99,493
HP,"i9, 32GB, 2TB SSD, RTX 4050",885.15,240
MacBook,"i3, 32GB, 2TB SSD, RTX 3060",1696.77,658
Lenovo,"Ryzen 7, 8GB, 512GB SSD, RTX 3070",1613.76,675
MacBook,"Ryzen 7, 32GB, 1TB SSD, RTX 3050",2432.83,433
Acer,"i7, 32GB, 2TB SSD, RTX 3050",652.05,355
MacBook,"Ryzen 3, 32GB, 256GB SSD, RTX 4050",2825.56,215
MacBook,"i5, 16GB, 512GB SSD, RTX 3060",2367.07,488
MacBook,"i3, 32GB, 1TB SSD, RTX 3050",2196.64,285
MacBook,"i7, 8GB, 1TB SSD, RTX 4060",2294.56,636
MacBook,"i5, 8GB, 256GB SSD, RTX 3070",2268.16,494
MacBook,"Ryzen 3, 32GB, 2TB SSD, Intel Iris Xe",2210.69,518
Asus,"i9, 8GB, 1TB SSD, RTX 4060",1075.9,339
MacBook,"i7, 8GB, 2TB SSD, RTX 4060",2185.41,352
HP,"i5, 16GB, 512GB SSD, RTX 3070",1610.01,697
HP,"Ryzen 3, 8GB, 512GB SSD, RTX 3060",602.88,548
Acer,"Ryzen 7, 8GB, 2TB SSD, RTX 3060",820.8,534
Acer,"i9, 32GB, 2TB SSD, RTX 3060",974.88,691
Acer,"i7, 16GB, 1TB SSD, RTX 4050",1325.48,415
HP,"Ryzen 3, 16GB, 256GB SSD, RTX 4050",939.01,670
MacBook,"Ryzen 3, 8GB, 512GB SSD, RTX 3070",2814.64,392
Lenovo,"Ryzen 3, 32GB, 1TB SSD, RTX 4050",1776.77,622
MacBook,"i5, 16GB, 1TB SSD, RTX 3070",1334.07,561
HP,"Ryzen 3, 32GB, 256GB SSD, Intel Iris Xe",1341.85,362
Lenovo,"i7, 16GB, 256GB SSD, RTX 3060",1594.98,215
Asus,"i7, 16GB, 256GB SSD, Intel Iris Xe",1729.92,659
HP,"i3, 8GB, 256GB SSD, Intel Iris Xe",1797.54,440
Asus,"i9, 8GB, 512GB SSD, RTX 4060",1694.78,420
MacBook,"Ryzen 5, 32GB, 1TB SSD, RTX 3060",2802.96,409
Asus,"i5, 32GB, 512GB SSD, RTX 3070",953.28,227
Acer,"i5, 16GB, 1TB SSD, Intel Iris Xe",808.6,688
Acer,"i3, 8GB, 1TB SSD, RTX 4050",1276.71,651
HP,"Ryzen 3, 8GB, 1TB SSD, RTX 3050",837.17,419
Lenovo,"i3, 32GB, 1TB SSD, RTX 3050",818.02,541
MacBook,"i3, 32GB, 1TB SSD, RTX 3070",2156.54,339
MacBook,"i7, 8GB, 512GB SSD, RTX 3070",1255.48,352
HP,"i9, 32GB, 2TB SSD, RTX 3050",981.53,395
HP,"Ryzen 3, 8GB, 1TB SSD, RTX 4060",793.85,224
Acer,"i5, 16GB, 256GB SSD, Intel Iris Xe",1219.15,397
Lenovo,"Ryzen 5, 16GB, 512GB SSD, RTX 3060",1341.26,386
MacBook,"Ryzen 5, 8GB, 1TB SSD, RTX 4060",1270.4,383
MacBook,"i9, 8GB, 512GB SSD, RTX 3050",1369.45,617
Asus,"i3, 8GB, 1TB SSD, RTX 4060",1197.69,282
HP,"i3, 16GB, 1TB SSD, RTX 4060",1784.97,273
Asus,"i9, 16GB, 2TB SSD, Intel Iris Xe",2059.08,654
Asus,"i3, 16GB, 256GB SSD, RTX 4060",795.71,320
Acer,"Ryzen 7, 8GB, 2TB SSD, RTX 4050",521.18,277
HP,"i5, 32GB, 1TB SSD, RTX 4050",1063.52,485
Acer,"Ryzen 7, 8GB, 256GB SSD, RTX 4050",1324.53,353
Acer,"i7, 16GB, 256GB SSD, RTX 3060",1483.06,257
Asus,"i5, 8GB, 256GB SSD, RTX 3050",1837.67,345
MacBook,"i3, 16GB, 256GB SSD, RTX 3050",1959.43,259
MacBook,"i5, 16GB, 256GB SSD, RTX 4060",2780.7,481
MacBook,"i5, 8GB, 512GB SSD, RTX 4050",2238.06,663
Asus,"i5, 32GB, 1TB SSD, RTX 4060",1626.49,312
Lenovo,"Ryzen 7, 16GB, 256GB SSD, Intel Iris Xe",1152.47,652
HP,"i3, 16GB, 2TB SSD, RTX 4060",1118.58,470
Asus,"i7, 16GB, 512GB SSD, RTX 3060",2012.58,449
HP,"Ryzen 3, 16GB, 512GB SSD, RTX 3060",1507.22,339
MacBook,"Ryzen 5, 16GB, 2TB SSD, RTX 3050",1219.69,662
Lenovo,"i5, 32GB, 256GB SSD, RTX 3050",1036.09,441
Lenovo,"i7, 32GB, 1TB SSD, RTX 4050",954.24,503
MacBook,"i9, 32GB, 512GB SSD, RTX 4060",2671.65,566
Acer,"Ryzen 3, 32GB, 256GB SSD, RTX 3070",882.97,658
Asus,"Ryzen 3, 8GB, 256GB SSD, RTX 4050",790.4,264
HP,"i9, 16GB, 256GB SSD, RTX 3070",1476.19,406
Acer,"Ryzen 3, 8GB, 1TB SSD, RTX 4050",1139.64,675
Lenovo,"Ryzen 3, 8GB, 1TB SSD, RTX 4050",938.41,555
Asus,"i9, 8GB, 256GB SSD, RTX 3050",1412.32,403
MacBook,"i3, 8GB, 256GB SSD, RTX 3060",2092.5,251
Lenovo,"Ryzen 7, 8GB, 512GB SSD, Intel Iris Xe",1932.32,499
HP,"Ryzen 5, 16GB, 2TB SSD, RTX 3050",1553.45,584
Lenovo,"Ryzen 5, 16GB, 2TB SSD, RTX 3070",707.44,290
Acer,"i9, 8GB, 512GB SSD, RTX 3070",825.6,318
HP,"Ryzen 5, 16GB, 2TB SSD, RTX 4050",1531.91,401
MacBook,"Ryzen 7, 16GB, 256GB SSD, RTX 4050",1215.63,389
Acer,"i7, 8GB, 512GB SSD, RTX 3060",808.59,700
MacBook,"i7, 16GB, 2TB SSD, RTX 4050",2219.15,242
Acer,"i3, 16GB, 2TB SSD, Intel Iris Xe",570.97,609
Lenovo,"i3, 16GB, 512GB SSD, Intel Iris Xe",1594.46,445
MacBook,"Ryzen 3, 16GB, 1TB SSD, Intel Iris Xe",1311.34,430
Lenovo,"i3, 8GB, 256GB SSD, RTX 3050",671.64,679
HP,"i7, 8GB, 256GB SSD, RTX 4050",1419.84,432
MacBook,"i3, 32GB, 512GB SSD, RTX 3070",2229.55,227
MacBook,"Ryzen 3, 32GB, 256GB SSD, Intel Iris Xe",1209.69,454
MacBook,"Ryzen 7, 32GB, 512GB SSD, RTX 4050",1926.75,393
MacBook,"i5, 16GB, 256GB SSD, RTX 3070",1513.09,566
Asus,"i3, 16GB, 2TB SSD, RTX 3060",1733.08,517
MacBook,"i9, 8GB, 256GB SSD, RTX 3050",2030.83,591
Acer,"i3, 8GB, 512GB SSD, RTX 3070",683.37,392
HP,"Ryzen 7, 16GB, 512GB SSD, RTX 4050",1081.08,441
Lenovo,"i7, 32GB, 256GB SSD, RTX 3050",1854.87,393
HP,"i5, 16GB, 2TB SSD, RTX 3050",723.7,507
Acer,"i3, 32GB, 256GB SSD, RTX 3060",1216.69,538
Acer,"i9, 16GB, 512GB SSD, Intel Iris Xe",991.72,211
MacBook,"Ryzen 5, 16GB, 1TB SSD, RTX 4050",2517.75,640
Lenovo,"i5, 8GB, 512GB SSD, RTX 3060",1295.27,209
Acer,"i5, 8GB, 2TB SSD, RTX 4050",957.78,437
MacBook,"Ryzen 5, 32GB, 1TB SSD, RTX 4050",2194.53,656
Asus,"i3, 16GB, 512GB SSD, RTX 4060",858.48,236
Lenovo,"Ryzen 3, 8GB, 2TB SSD, RTX 4060",987.83,613
Acer,"i9, 16GB, 512GB SSD, RTX 4060",990.41,219
Acer,"Ryzen 5, 16GB, 256GB SSD, RTX 3060",1303.06,609
Acer,"Ryzen 5, 32GB, 1TB SSD, RTX 3050",1406.01,429
Acer,"Ryzen 7, 32GB, 512GB SSD, Intel Iris Xe",1348.7,204
MacBook,"i5, 8GB, 512GB SSD, RTX 4060",1599.62,562
Asus,"Ryzen 3, 16GB, 512GB SSD, RTX 3070",1109.02,359
Lenovo,"Ryzen 7, 16GB, 512GB SSD, RTX 3050",1963.61,331
MacBook,"i3, 32GB, 2TB SSD, Intel Iris Xe",1255.58,674
MacBook,"i5, 32GB, 1TB SSD, RTX 3050",2927.06,599
HP,"i9, 16GB, 512GB SSD, RTX 4060",1448.43,618
Lenovo,"i9, 8GB, 256GB SSD, RTX 4050",596.46,245
HP,"Ryzen 5, 8GB, 1TB SSD, RTX 3060",963.38,267
HP,"i5, 32GB, 1TB SSD, RTX 4060",945.91,528
MacBook,"i5, 32GB, 512GB SSD, RTX 3070",2786.07,567
Asus,"Ryzen 7, 32GB, 1TB SSD, Intel Iris Xe",1500.83,414
MacBook,"i9, 32GB, 1TB SSD, RTX 4060",2035.85,275
Acer,"i5, 8GB, 2TB SSD, RTX 3060",1181.92,507
HP,"i5, 16GB, 256GB SSD, RTX 4050",764.35,268
MacBook,"i5, 8GB, 512GB SSD, Intel Iris Xe",1274.31,393
Acer,"i7, 32GB, 512GB SSD, RTX 4060",1214.62,216
Acer,"i9, 32GB, 1TB SSD, RTX 3050",560.37,400
MacBook,"Ryzen 5, 16GB, 512GB SSD, Intel Iris Xe",1825.09,477
MacBook,"i5, 16GB, 512GB SSD, RTX 4060",2217.52,440
Acer,"Ryzen 7, 8GB, 256GB SSD, RTX 3070",575.21,471
Asus,"Ryzen 3, 32GB, 2TB SSD, RTX 4050",660.95,255
MacBook,"Ryzen 5, 8GB, 2TB SSD, RTX 4050",2075.27,368
Asus,"i3, 8GB, 256GB SSD, RTX 3070",1814.33,552
Asus,"i3, 32GB, 256GB SSD, RTX 3070",2030.79,432
Asus,"i3, 16GB, 256GB SSD, RTX 3050",806.82,379
Lenovo,"Ryzen 7, 32GB, 256GB SSD, RTX 3070",634.72,253
Lenovo,"i5, 32GB, 2TB SSD, RTX 3060",1308.56,614
Lenovo,"i3, 8GB, 512GB SSD, Intel Iris Xe",735.65,308
Asus,"Ryzen 5, 8GB, 2TB SSD, RTX 3050",2002.02,433
HP,"Ryzen 7, 8GB, 256GB SSD, RTX 3060",1711.94,227
Asus,"i9, 16GB, 512GB SSD, RTX 4050",1935.22,411
Asus,"i9, 16GB, 256GB SSD, Intel Iris Xe",633.56,255
Acer,"Ryzen 7, 32GB, 256GB SSD, RTX 3070",655.01,606
Asus,"i5, 32GB, 2TB SSD, RTX 4050",1913.23,491
Lenovo,"i9, 32GB, 256GB SSD, RTX 3050",612.46,699
HP,"i7, 16GB, 256GB SSD, RTX 4060",1319.02,344
MacBook,"i5, 16GB, 1TB SSD, RTX 3060",2985.79,676
Lenovo,"i5, 32GB, 256GB SSD, RTX 4050",707.07,541
Asus,"i3, 8GB, 256GB SSD, RTX 4050",845.99,511
HP,"Ryzen 5, 8GB, 1TB SSD, RTX 3050",1291.58,262
HP,"i5, 8GB, 512GB SSD, RTX 4060",1341.58,456
Asus,"Ryzen 5, 16GB, 512GB SSD, RTX 3050",2084.77,274
Acer,"i9, 8GB, 256GB SSD, RTX 4050",1470.92,251
Lenovo,"Ryzen 5, 32GB, 2TB SSD, RTX 4060",1567.52,650
MacBook,"i9, 16GB, 256GB SSD, Intel Iris Xe",1880.07,473
Acer,"i9, 32GB, 256GB SSD, RTX 3060",1208.24,682
HP,"Ryzen 5, 8GB, 256GB SSD, RTX 3050",1162.12,632
MacBook,"i9, 32GB, 256GB SSD, RTX 3070",1263.15,639
Acer,"i3, 16GB, 2TB SSD, RTX 3050",651.62,567
MacBook,"Ryzen 7, 32GB, 512GB SSD, RTX 3060",1885.15,459
Acer,"Ryzen 5, 32GB, 1TB SSD, Intel Iris Xe",1237.16,285
Asus,"i9, 32GB, 256GB SSD, RTX 3050",1621.15,242
HP,"Ryzen 5, 32GB, 2TB SSD, RTX 4050",696.99,448
Acer,"Ryzen 5, 32GB, 1TB SSD, RTX 4060",954.86,248
Acer,"Ryzen 7, 16GB, 256GB SSD, RTX 4050",1355.98,284
Acer,"i5, 16GB, 512GB SSD, RTX 3060",1039.77,367
MacBook,"Ryzen 7, 8GB, 512GB SSD, RTX 3070",1959.18,270
Lenovo,"Ryzen 5, 32GB, 256GB SSD, RTX 4050",1117.02,223
Lenovo,"i9, 8GB, 256GB SSD, RTX 3070",1617.6,485
Asus,"i9, 8GB, 512GB SSD, RTX 4050",1373.6,371
Lenovo,"i9, 16GB, 512GB SSD, Intel Iris Xe",1851.99,274
MacBook,"i7, 32GB, 512GB SSD, RTX 3060",2198.77,558
MacBook,"Ryzen 5, 8GB, 256GB SSD, Intel Iris Xe",1885.61,302
Lenovo,"Ryzen 3, 8GB, 1TB SSD, RTX 3060",1326.02,403
Acer,"Ryzen 5, 32GB, 1TB SSD, RTX 4050",1257.19,516
Acer,"Ryzen 5, 8GB, 1TB SSD, Intel Iris Xe",1171.41,352
Asus,"i3, 8GB, 512GB SSD, RTX 3050",1780.05,328
Lenovo,"Ryzen 3, 8GB, 2TB SSD, RTX 3060",1669.27,276
MacBook,"i3, 8GB, 2TB SSD, RTX 4050",2044.54,435
Lenovo,"Ryzen 7, 16GB, 512GB SSD, RTX 3060",1215.5,362
Lenovo,"i5, 32GB, 1TB SSD, RTX 3060",598.36,605
Acer,"Ryzen 7, 16GB, 256GB SSD, Intel Iris Xe",1000.15,423
HP,"i5, 16GB, 512GB SSD, RTX 4060",1525.33,411
Acer,"i9, 16GB, 2TB SSD, RTX 3070",538.13,387
MacBook,"i9, 8GB, 1TB SSD, RTX 3070",2197.05,600
Asus,"i3, 8GB, 1TB SSD, RTX 3060",1295.97,527
Asus,"Ryzen 3, 32GB, 256GB SSD, RTX 3060",852.3,433
Acer,"i5, 16GB, 1TB SSD, RTX 4060",992.02,212
Lenovo,"i7, 16GB, 2TB SSD, RTX 3070",1517.66,440
Acer,"i7, 8GB, 256GB SSD, RTX 4050",1006.46,568
Acer,"i3, 8GB, 256GB SSD, RTX 3070",1153.06,321
MacBook,"i7, 16GB, 256GB SSD, RTX 3060",1755.64,610
HP,"i7, 32GB, 512GB SSD, RTX 3070",1033.31,613
HP,"Ryzen 5, 8GB, 512GB SSD, RTX 3060",861.24,373
Lenovo,"i7, 32GB, 512GB SSD, RTX 3060",686.26,240
Lenovo,"Ryzen 3, 32GB, 2TB SSD, RTX 4060",807.74,460
HP,"i3, 8GB, 1TB SSD, RTX 3070",657.92,664
Asus,"Ryzen 7, 32GB, 2TB SSD, RTX 3050",1734.35,320
Acer,"Ryzen 7, 32GB, 512GB SSD, RTX 3070",1003.99,545
MacBook,"Ryzen 7, 16GB, 256GB SSD, RTX 4060",1934.93,469
Lenovo,"i3, 32GB, 1TB SSD, RTX 4050",1548.6,616
Asus,"i9, 8GB, 256GB SSD, RTX 4050",2103.3,338
Acer,"Ryzen 3, 8GB, 2TB SSD, RTX 3070",757.25,501
MacBook,"i3, 32GB, 512GB SSD, RTX 3050",2241.65,419
Acer,"Ryzen 7, 16GB, 512GB SSD, RTX 4050",1489.65,264
Lenovo,"Ryzen 3, 32GB, 2TB SSD, RTX 3070",1955.0,677
HP,"Ryzen 3, 16GB, 1TB SSD, RTX 4050",1702.43,275
HP,"i7, 8GB, 256GB SSD, RTX 3070",1403.09,262
Acer,"i3, 32GB, 2TB SSD, RTX 4060",792.71,612
MacBook,"Ryzen 5, 16GB, 256GB SSD, RTX 4050",1464.38,562
Asus,"i3, 16GB, 1TB SSD, RTX 3070",840.42,680
Acer,"i5, 16GB, 512GB SSD, RTX 3070",1182.57,437
Acer,"Ryzen 7, 16GB, 1TB SSD, RTX 3060",789.02,609
Lenovo,"Ryzen 3, 16GB, 512GB SSD, RTX 4050",1092.02,374
MacBook,"i5, 32GB, 1TB SSD, RTX 3060",1707.55,671
MacBook,"Ryzen 5, 8GB, 512GB SSD, RTX 3050",1269.96,423
Acer,"i3, 8GB, 1TB SSD, RTX 3070",923.45,672
Lenovo,"Ryzen 7, 32GB, 512GB SSD, RTX 3060",1006.51,405
Asus,"i7, 16GB, 2TB SSD, Intel Iris Xe",1452.67,436
MacBook,"i9, 16GB, 2TB SSD, RTX 4050",1514.55,620
MacBook,"i3, 8GB, 512GB SSD, RTX 3050",1583.97,274
Lenovo,"i3, 32GB, 256GB SSD, Intel Iris Xe",1699.44,349
MacBook,"Ryzen 7, 8GB, 2TB SSD, RTX 4050",1293.79,203
HP,"i9, 8GB, 256GB SSD, Intel Iris Xe",1430.56,373
HP,"i7, 16GB, 256GB SSD, Intel Iris Xe",1309.54,494
Acer,"i5, 32GB, 2TB SSD, Intel Iris Xe",1322.88,460
Lenovo,"i9, 8GB, 256GB SSD, RTX 3060",611.87,249
HP,"i9, 32GB, 1TB SSD, RTX 3070",1231.41,684
Lenovo,"Ryzen 7, 32GB, 256GB SSD, RTX 4060",1736.14,421
Lenovo,"Ryzen 3, 16GB, 256GB SSD, Intel Iris Xe",595.15,688
Lenovo,"Ryzen 5, 16GB, 256GB SSD, RTX 3050",1167.01,606
HP,"Ryzen 5, 8GB, 1TB SSD, RTX 4050",981.0,642
Acer,"Ryzen 5, 32GB, 256GB SSD, RTX 4050",853.73,310
HP,"i7, 32GB, 512GB SSD, RTX 4050",1559.49,232
Acer,"i9, 16GB, 1TB SSD, RTX 3050",1358.8,491
MacBook,"Ryzen 5, 16GB, 512GB SSD, RTX 3050",2067.65,202
HP,"i5, 8GB, 1TB SSD, RTX 3050",1296.38,655
Asus,"Ryzen 7, 16GB, 512GB SSD, Intel Iris Xe",1131.85,577
HP,"Ryzen 3, 32GB, 512GB SSD, RTX 4050",1473.0,450
MacBook,"Ryzen 7, 16GB, 512GB SSD, RTX 4060",2539.19,540
Asus,"i7, 16GB, 2TB SSD, RTX 3050",1972.32,354
Asus,"i7, 16GB, 1TB SSD, RTX 3060",1712.13,400
Acer,"i3, 8GB, 256GB SSD, RTX 3050",894.73,478
Acer,"i3, 16GB, 256GB SSD, Intel Iris Xe",1323.67,341
Lenovo,"Ryzen 3, 8GB, 1TB SSD, RTX 3070",1007.9,262
MacBook,"Ryzen 5, 16GB, 1TB SSD, RTX 3070",2689.13,207
HP,"Ryzen 3, 32GB, 512GB SSD, RTX 4060",865.51,310
Lenovo,"i7, 8GB, 256GB SSD, RTX 4060",1885.2,561
MacBook,"i3, 32GB, 256GB SSD, Intel Iris Xe",2153.04,407
MacBook,"Ryzen 5, 8GB, 512GB SSD, RTX 3060",2899.63,295
HP,"i5, 32GB, 2TB SSD, RTX 3070",1225.75,237
MacBook,"i7, 8GB, 512GB SSD, RTX 3050",1378.8,370
HP,"Ryzen 7, 16GB, 1TB SSD, RTX 3050",965.25,385
Lenovo,"i5, 32GB, 512GB SSD, RTX 4060",880.17,604
Asus,"Ryzen 5, 32GB, 2TB SSD, RTX 3060",1742.41,375
Asus,"i3, 8GB, 2TB SSD, Intel Iris Xe",933.65,669
Lenovo,"Ryzen 7, 16GB, 1TB SSD, RTX 3070",1032.19,265
MacBook,"i3, 8GB, 2TB SSD, Intel Iris Xe",2760.06,448
Asus,"Ryzen 3, 8GB, 2TB SSD, RTX 3050",1362.05,448
HP,"i3, 16GB, 256GB SSD, RTX 3070",1444.04,436
Acer,"i9, 8GB, 2TB SSD, RTX 3070",1349.81,283
MacBook,"i5, 16GB, 256GB SSD, Intel Iris Xe",2116.29,352
Asus,"Ryzen 5, 16GB, 512GB SSD, RTX 3060",1500.52,289
HP,"Ryzen 3, 16GB, 2TB SSD, RTX 3050",772.29,280
HP,"i3, 32GB, 256GB SSD, RTX 3050",1320.14,509
HP,"Ryzen 5, 16GB, 1TB SSD, RTX 4060",995.81,462
Asus,"i3, 16GB, 2TB SSD, RTX 4060",1941.16,687
Lenovo,"Ryzen 5, 32GB, 512GB SSD, RTX 3070",640.53,441
Lenovo,"Ryzen 3, 32GB, 1TB SSD, Intel Iris Xe",1295.21,248
MacBook,"Ryzen 7, 16GB, 2TB SSD, RTX 3050",2909.27,632
Lenovo,"Ryzen 3, 8GB, 256GB SSD, RTX 3050",1519.48,203
MacBook,"i7, 8GB, 2TB SSD, RTX 4050",1513.22,272
Asus,"Ryzen 3, 8GB, 512GB SSD, RTX 3050",2075.83,200
Asus,"i7, 8GB, 2TB SSD, Intel Iris Xe",1907.58,566
Asus,"Ryzen 7, 8GB, 1TB SSD, RTX 3050",1721.17,205
Acer,"Ryzen 7, 8GB, 1TB SSD, RTX 3070",588.93,470
Lenovo,"i3, 16GB, 512GB SSD, RTX 4050",1274.63,201
MacBook,"i5, 16GB, 2TB SSD, Intel Iris Xe",1470.63,393
HP,"Ryzen 7, 8GB, 256GB SSD, RTX 4060",1527.54,558
HP,"Ryzen 7, 32GB, 512GB SSD, RTX 3070",1004.21,304
Asus,"i5, 16GB, 256GB SSD, RTX 4060",878.77,451
Asus,"Ryzen 5, 32GB, 256GB SSD, RTX 3050",951.16,336
Acer,"i5, 8GB, 256GB SSD, Intel Iris Xe",807.82,404
HP,"Ryzen 7, 32GB, 2TB SSD, Intel Iris Xe",1633.74,392
MacBook,"i7, 16GB, 2TB SSD, Intel Iris Xe",1765.83,336
Lenovo,"i5, 8GB, 256GB SSD, RTX 3060",1164.97,465
HP,"i3, 8GB, 256GB SSD, RTX 4050",1435.06,596
MacBook,"Ryzen 3, 32GB, 512GB SSD, RTX 3050",1914.72,247
HP,"i9, 32GB, 512GB SSD, RTX 3070",1595.77,676
HP,"i3, 8GB, 2TB SSD, RTX 3070",1785.64,631
MacBook,"Ryzen 7, 16GB, 512GB SSD, RTX 4050",2489.91,474
MacBook,"i7, 8GB, 256GB SSD, RTX 4060",2438.54,618
HP,"Ryzen 3, 8GB, 2TB SSD, RTX 3060",642.1,373
HP,"Ryzen 7, 32GB, 2TB SSD, RTX 4050",1706.46,236
HP,"Ryzen 3, 16GB, 1TB SSD, RTX 4060",1548.63,508
Lenovo,"Ryzen 7, 32GB, 1TB SSD, Intel Iris Xe",1206.66,421
HP,"i9, 8GB, 256GB SSD, RTX 3070",1299.67,373
Lenovo,"Ryzen 7, 16GB, 1TB SSD, Intel Iris Xe",1297.93,316
MacBook,"Ryzen 5, 8GB, 256GB SSD, RTX 4050",2065.85,651
Lenovo,"i7, 8GB, 2TB SSD, RTX 4050",1730.54,571
HP,"Ryzen 5, 8GB, 1TB SSD, Intel Iris Xe",1283.56,589
Asus,"i3, 16GB, 1TB SSD, RTX 4050",698.64,477
HP,"Ryzen 5, 8GB, 256GB SSD, RTX 3060",813.76,630
Lenovo,"i9, 16GB, 256GB SSD, RTX 3070",1932.78,204
Asus,"Ryzen 3, 32GB, 2TB SSD, RTX 3050",1163.33,327
MacBook,"i9, 16GB, 256GB SSD, RTX 4050",1691.29,431
Acer,"i5, 32GB, 512GB SSD, RTX 3070",543.57,540
Asus,"Ryzen 7, 32GB, 2TB SSD, RTX 3070",1299.82,494
HP,"i9, 16GB, 1TB SSD, RTX 3060",1309.22,201
Lenovo,"i9, 16GB, 2TB SSD, RTX 4050",930.39,271
MacBook,"Ryzen 7, 16GB, 512GB SSD, RTX 3060",1540.32,231
HP,"i9, 8GB, 2TB SSD, RTX 3060",1292.59,508
Acer,"Ryzen 7, 8GB, 1TB SSD, RTX 4060",1322.67,260
Acer,"i5, 32GB, 512GB SSD, RTX 4050",605.2,643
Asus,"i9, 16GB, 256GB SSD, RTX 3070",781.72,497
Lenovo,"i9, 32GB, 256GB SSD, RTX 4060",1588.7,493
